"county","fips","urban_rural","age_adjusted_incidence_rate_rate_note_cases_per_100_000","lower_95_confidence_interval","upper_95_confidence_interval","ci_rank_rank_note","lower_ci_ci_rank","upper_ci_ci_rank","average_annual_count","percent_of_cases_with_late_stage","UNIT_ID","YEAR_","total_burned_acres","age_adjusted_rate","incidence_numeric","pm25_avg","pm25_avg_z","log_burned_acres"
"California","06000","N/A","24.5","24.3","24.7","N/A","N/A","N/A","11010","67.1",NA,NA,NA,24.5,24.5,NA,NA,NA
"US","00000","N/A","34.3","34.2","34.4","N/A","N/A","N/A","140561","64.9",NA,NA,NA,34.3,34.3,NA,NA,NA
"Yuba County","06115","Urban","46.8","40.2","54.1","1","1","7","38","68.8",NA,NA,NA,46.8,46.8,NA,NA,NA
"Lake County","06033","Rural","42.6","37.3","48.6","2","1","10","49","73.3",NA,NA,NA,42.6,42.6,NA,NA,NA
"Shasta County","06089","Urban","40.9","37.6","44.5","3","1","8","116","73.1","SHF",1920,2124.82983398438,40.9,40.9,NA,NA,7.66191751523958
"Shasta County","06089","Urban","40.9","37.6","44.5","3","1","8","116","73.1","SHF",1922,22418.634765625,40.9,40.9,NA,NA,10.0176924059326
"Shasta County","06089","Urban","40.9","37.6","44.5","3","1","8","116","73.1","SHF",1923,4628.48239898682,40.9,40.9,NA,NA,8.44020034795557
"Shasta County","06089","Urban","40.9","37.6","44.5","3","1","8","116","73.1","SHF",1924,59766.9907684326,40.9,40.9,NA,NA,10.9982255251989
"Shasta County","06089","Urban","40.9","37.6","44.5","3","1","8","116","73.1","SHF",1926,24.3430709838867,40.9,40.9,NA,NA,3.23250535870569
"Shasta County","06089","Urban","40.9","37.6","44.5","3","1","8","116","73.1","SHF",1930,4945.0818977356,40.9,40.9,NA,NA,8.50635100632187
"Shasta County","06089","Urban","40.9","37.6","44.5","3","1","8","116","73.1","SHF",1931,14836.0797348022,40.9,40.9,NA,NA,9.60488471398786
"Shasta County","06089","Urban","40.9","37.6","44.5","3","1","8","116","73.1","SHF",1932,10364.3974761963,40.9,40.9,NA,NA,9.24622837205515
"Shasta County","06089","Urban","40.9","37.6","44.5","3","1","8","116","73.1","SHF",1933,1602.04661560059,40.9,40.9,NA,NA,7.37966123241168
"Shasta County","06089","Urban","40.9","37.6","44.5","3","1","8","116","73.1","SHF",1934,8939.29818344116,40.9,40.9,NA,NA,9.09832422146381
"Shasta County","06089","Urban","40.9","37.6","44.5","3","1","8","116","73.1","SHF",1935,6718.50109863281,40.9,40.9,NA,NA,8.8127691894863
"Shasta County","06089","Urban","40.9","37.6","44.5","3","1","8","116","73.1","SHF",1936,1782.76821899414,40.9,40.9,NA,NA,7.48648338261086
"Shasta County","06089","Urban","40.9","37.6","44.5","3","1","8","116","73.1","SHF",1938,4136.13893127441,40.9,40.9,NA,NA,8.3277597485116
"Shasta County","06089","Urban","40.9","37.6","44.5","3","1","8","116","73.1","SHF",1939,42365.8755874634,40.9,40.9,NA,NA,10.6541220997513
"Shasta County","06089","Urban","40.9","37.6","44.5","3","1","8","116","73.1","SHF",1940,1512.8458404541,40.9,40.9,NA,NA,7.32240860612758
"Shasta County","06089","Urban","40.9","37.6","44.5","3","1","8","116","73.1","SHF",1942,859.413673400879,40.9,40.9,NA,NA,6.75741328917906
"Shasta County","06089","Urban","40.9","37.6","44.5","3","1","8","116","73.1","SHF",1943,929.008338928223,40.9,40.9,NA,NA,6.83519355269659
"Shasta County","06089","Urban","40.9","37.6","44.5","3","1","8","116","73.1","SHF",1944,14573.4216918945,40.9,40.9,NA,NA,9.58702333234536
"Shasta County","06089","Urban","40.9","37.6","44.5","3","1","8","116","73.1","SHF",1945,6440.89687347412,40.9,40.9,NA,NA,8.77057832129888
"Shasta County","06089","Urban","40.9","37.6","44.5","3","1","8","116","73.1","SHF",1946,82.2602005004883,40.9,40.9,NA,NA,4.42197064988894
"Shasta County","06089","Urban","40.9","37.6","44.5","3","1","8","116","73.1","SHF",1947,1779.983543396,40.9,40.9,NA,NA,7.48492104315489
"Shasta County","06089","Urban","40.9","37.6","44.5","3","1","8","116","73.1","SHF",1948,141.348670959473,40.9,40.9,NA,NA,4.95827947725245
"Shasta County","06089","Urban","40.9","37.6","44.5","3","1","8","116","73.1","SHF",1949,8482.62949371338,40.9,40.9,NA,NA,9.04589364355149
"Shasta County","06089","Urban","40.9","37.6","44.5","3","1","8","116","73.1","SHF",1950,419.585525512695,40.9,40.9,NA,NA,6.04164784877413
"Shasta County","06089","Urban","40.9","37.6","44.5","3","1","8","116","73.1","SHF",1951,8933.82481384277,40.9,40.9,NA,NA,9.09771182066855
"Shasta County","06089","Urban","40.9","37.6","44.5","3","1","8","116","73.1","SHF",1952,1317.63203430176,40.9,40.9,NA,NA,7.18435014056107
"Shasta County","06089","Urban","40.9","37.6","44.5","3","1","8","116","73.1","SHF",1953,650.020446777344,40.9,40.9,NA,NA,6.47854104997547
"Shasta County","06089","Urban","40.9","37.6","44.5","3","1","8","116","73.1","SHF",1954,341.574066162109,40.9,40.9,NA,NA,5.83648788589148
"Shasta County","06089","Urban","40.9","37.6","44.5","3","1","8","116","73.1","SHF",1955,3660.62896728516,40.9,40.9,NA,NA,8.20566340040852
"Shasta County","06089","Urban","40.9","37.6","44.5","3","1","8","116","73.1","SHF",1956,337.685333251953,40.9,40.9,NA,NA,5.82507145582132
"Shasta County","06089","Urban","40.9","37.6","44.5","3","1","8","116","73.1","SHF",1959,5548.88526916504,40.9,40.9,NA,NA,8.62153253430429
"Shasta County","06089","Urban","40.9","37.6","44.5","3","1","8","116","73.1","SHF",1961,257.344665527344,40.9,40.9,NA,NA,5.55429460628059
"Shasta County","06089","Urban","40.9","37.6","44.5","3","1","8","116","73.1","SHF",1966,352.411773681641,40.9,40.9,NA,NA,5.86763387478521
"Shasta County","06089","Urban","40.9","37.6","44.5","3","1","8","116","73.1","SHF",1967,430.238159179688,40.9,40.9,NA,NA,6.06666051099398
"Shasta County","06089","Urban","40.9","37.6","44.5","3","1","8","116","73.1","SHF",1968,730.451110839844,40.9,40.9,NA,NA,6.5950303841048
"Shasta County","06089","Urban","40.9","37.6","44.5","3","1","8","116","73.1","SHF",1970,852.4375,40.9,40.9,NA,NA,6.74927231166802
"Shasta County","06089","Urban","40.9","37.6","44.5","3","1","8","116","73.1","SHF",1974,1623.76690673828,40.9,40.9,NA,NA,7.39311964246784
"Shasta County","06089","Urban","40.9","37.6","44.5","3","1","8","116","73.1","SHF",1975,454.704132080078,40.9,40.9,NA,NA,6.12184376577334
"Shasta County","06089","Urban","40.9","37.6","44.5","3","1","8","116","73.1","SHF",1979,327.041389465332,40.9,40.9,NA,NA,5.79313978781749
"Shasta County","06089","Urban","40.9","37.6","44.5","3","1","8","116","73.1","SHF",1980,2192.69161987305,40.9,40.9,NA,NA,7.69334107483639
"Shasta County","06089","Urban","40.9","37.6","44.5","3","1","8","116","73.1","SHF",1981,1014.58164215088,40.9,40.9,NA,NA,6.92321677380154
"Shasta County","06089","Urban","40.9","37.6","44.5","3","1","8","116","73.1","SHF",1982,70.6013870239258,40.9,40.9,NA,NA,4.27111444562151
"Shasta County","06089","Urban","40.9","37.6","44.5","3","1","8","116","73.1","SHF",1984,308.583709716797,40.9,40.9,NA,NA,5.73522852313743
"Shasta County","06089","Urban","40.9","37.6","44.5","3","1","8","116","73.1","SHF",1985,7885.57229614258,40.9,40.9,NA,NA,8.97291688296122
"Shasta County","06089","Urban","40.9","37.6","44.5","3","1","8","116","73.1","SHF",1986,490.401092529297,40.9,40.9,NA,NA,6.19726068338395
"Shasta County","06089","Urban","40.9","37.6","44.5","3","1","8","116","73.1","SHF",1987,98094.6872940063,40.9,40.9,NA,NA,11.4936986822426
"Shasta County","06089","Urban","40.9","37.6","44.5","3","1","8","116","73.1","SHF",1988,9051.61822509766,40.9,40.9,NA,NA,9.1108093014935
"Shasta County","06089","Urban","40.9","37.6","44.5","3","1","8","116","73.1","SHF",1989,623.041748046875,40.9,40.9,NA,NA,6.43621727005273
"Shasta County","06089","Urban","40.9","37.6","44.5","3","1","8","116","73.1","SHF",1990,653.729110717773,40.9,40.9,NA,NA,6.48422157866776
"Shasta County","06089","Urban","40.9","37.6","44.5","3","1","8","116","73.1","SHF",1991,2092.96907043457,40.9,40.9,NA,NA,7.64681662075529
"Shasta County","06089","Urban","40.9","37.6","44.5","3","1","8","116","73.1","SHF",1992,5262.46484375,40.9,40.9,NA,NA,8.56854480441572
"Shasta County","06089","Urban","40.9","37.6","44.5","3","1","8","116","73.1","SHF",1994,671.128234863281,40.9,40.9,NA,NA,6.51044914800765
"Shasta County","06089","Urban","40.9","37.6","44.5","3","1","8","116","73.1","SHF",1996,3974.54013061523,40.9,40.9,NA,NA,8.2879158997731
"Shasta County","06089","Urban","40.9","37.6","44.5","3","1","8","116","73.1","SHF",1999,205340.453491211,40.9,40.9,NA,NA,12.232429499289
"Shasta County","06089","Urban","40.9","37.6","44.5","3","1","8","116","73.1","SHF",2001,1187.50830078125,40.9,40.9,NA,NA,7.08045427102596
"Shasta County","06089","Urban","40.9","37.6","44.5","3","1","8","116","73.1","SHF",2003,4051.96429824829,40.9,40.9,NA,NA,8.30720381786715
"Shasta County","06089","Urban","40.9","37.6","44.5","3","1","8","116","73.1","SHF",2004,793.461032867432,40.9,40.9,NA,NA,6.67766393866627
"Shasta County","06089","Urban","40.9","37.6","44.5","3","1","8","116","73.1","SHF",2005,445.625324249268,40.9,40.9,NA,NA,6.10172004234223
"Shasta County","06089","Urban","40.9","37.6","44.5","3","1","8","116","73.1","SHF",2006,104040.326873779,40.9,40.9,NA,NA,11.5525434729778
"Shasta County","06089","Urban","40.9","37.6","44.5","3","1","8","116","73.1","SHF",2007,2781.87786769867,40.9,40.9,NA,NA,7.93124087543847
"Shasta County","06089","Urban","40.9","37.6","44.5","3","1","8","116","73.1","SHF",2008,303111.53644371,40.9,40.9,NA,NA,12.6218594229418
"Shasta County","06089","Urban","40.9","37.6","44.5","3","1","8","116","73.1","SHF",2009,1591.7415599823,40.9,40.9,NA,NA,7.3732120619603
"Shasta County","06089","Urban","40.9","37.6","44.5","3","1","8","116","73.1","SHF",2011,23.7173981666565,40.9,40.9,5.16964285714286,-1.19408716489804,3.20750737489218
"Shasta County","06089","Urban","40.9","37.6","44.5","3","1","8","116","73.1","SHF",2012,54140.6148366928,40.9,40.9,5.90552147239264,-0.939462801818107,10.8993583897773
"Shasta County","06089","Urban","40.9","37.6","44.5","3","1","8","116","73.1","SHF",2013,28.8935866355896,40.9,40.9,5.54177215189873,-1.06532518880985,3.39764396359657
"Shasta County","06089","Urban","40.9","37.6","44.5","3","1","8","116","73.1","SHF",2014,6333.14551734924,40.9,40.9,5.29263803680982,-1.15152910078855,8.75371020083993
"Shasta County","06089","Urban","40.9","37.6","44.5","3","1","8","116","73.1","SHF",2015,158998.159221716,40.9,40.9,7.45263157894737,-0.404140919468921,11.9766541932747
"Shasta County","06089","Urban","40.9","37.6","44.5","3","1","8","116","73.1","SHF",2016,70.2107553482056,40.9,40.9,5.05,-1.23548527820878,4.26564386527109
"Shasta County","06089","Urban","40.9","37.6","44.5","3","1","8","116","73.1","SHF",2017,35368.2921319008,40.9,40.9,7.88275862068966,-0.255310906233775,10.4735992687649
"Shasta County","06089","Urban","40.9","37.6","44.5","3","1","8","116","73.1","SHF",2018,111440.98815918,40.9,40.9,14.7764705882353,2.13001050767497,11.6212594489189
"Shasta County","06089","Urban","40.9","37.6","44.5","3","1","8","116","73.1","SHF",2019,7028.22256278992,40.9,40.9,6.62830188679245,-0.68937060067331,8.85783139018151
"Shasta County","06089","Urban","40.9","37.6","44.5","3","1","8","116","73.1","SHF",2020,831.280481338501,40.9,40.9,10.8375,0.767071217912403,6.72416950100343
"Shasta County","06089","Urban","40.9","37.6","44.5","3","1","8","116","73.1","SHF",2021,385139.091755867,40.9,40.9,NA,NA,12.8613624217741
"Shasta County","06089","Urban","40.9","37.6","44.5","3","1","8","116","73.1","SHF",2022,44.3769779205322,40.9,40.9,NA,NA,3.81500488217012
"Shasta County","06089","Urban","40.9","37.6","44.5","3","1","8","116","73.1","SHF",2023,4246.95631504059,40.9,40.9,NA,NA,8.35419327921555
"Shasta County","06089","Urban","40.9","37.6","44.5","3","1","8","116","73.1","SHF",2024,5124.03125,40.9,40.9,NA,NA,8.541891901549
"Shasta County","06089","Urban","40.9","37.6","44.5","3","1","8","116","73.1","SHF",NA,982.061382293701,40.9,40.9,NA,NA,6.89067156203659
"Del Norte County","06015","Rural","38.9","30.5","49.1","4","1","32","16","71.2",NA,NA,NA,38.9,38.9,NA,NA,NA
"Glenn County","06021","Rural","37.7","29","48.3","5","1","38","13","69.8",NA,NA,NA,37.7,37.7,NA,NA,NA
"Tehama County","06103","Rural","37.2","31.8","43.3","6","1","22","36","65.6","TGU",1936,58740.2137145996,37.2,37.2,NA,NA,10.9808968670281
"Tehama County","06103","Rural","37.2","31.8","43.3","6","1","22","36","65.6","TGU",1938,2721.4765625,37.2,37.2,NA,NA,7.90929724595463
"Tehama County","06103","Rural","37.2","31.8","43.3","6","1","22","36","65.6","TGU",1939,12986.0646209717,37.2,37.2,NA,NA,9.47170911191751
"Tehama County","06103","Rural","37.2","31.8","43.3","6","1","22","36","65.6","TGU",1940,679.510620117188,37.2,37.2,NA,NA,6.52284342831388
"Tehama County","06103","Rural","37.2","31.8","43.3","6","1","22","36","65.6","TGU",1941,5929.18789672852,37.2,37.2,NA,NA,8.68781117727874
"Tehama County","06103","Rural","37.2","31.8","43.3","6","1","22","36","65.6","TGU",1943,65446.7599182129,37.2,37.2,NA,NA,11.0890075449038
"Tehama County","06103","Rural","37.2","31.8","43.3","6","1","22","36","65.6","TGU",1944,3331.78778076172,37.2,37.2,NA,NA,8.11156440414188
"Tehama County","06103","Rural","37.2","31.8","43.3","6","1","22","36","65.6","TGU",1945,4216.36709594727,37.2,37.2,NA,NA,8.34696630140368
"Tehama County","06103","Rural","37.2","31.8","43.3","6","1","22","36","65.6","TGU",1946,7310.0133972168,37.2,37.2,NA,NA,8.89713717476555
"Tehama County","06103","Rural","37.2","31.8","43.3","6","1","22","36","65.6","TGU",1947,5487.64625549316,37.2,37.2,NA,NA,8.61043692039794
"Tehama County","06103","Rural","37.2","31.8","43.3","6","1","22","36","65.6","TGU",1948,8604.9072265625,37.2,37.2,NA,NA,9.06020413325242
"Tehama County","06103","Rural","37.2","31.8","43.3","6","1","22","36","65.6","TGU",1949,1556.75289916992,37.2,37.2,NA,NA,7.35099961254917
"Tehama County","06103","Rural","37.2","31.8","43.3","6","1","22","36","65.6","TGU",1950,7856.00531005859,37.2,37.2,NA,NA,8.96916080901352
"Tehama County","06103","Rural","37.2","31.8","43.3","6","1","22","36","65.6","TGU",1951,2010.18411254883,37.2,37.2,NA,NA,7.60647893831633
"Tehama County","06103","Rural","37.2","31.8","43.3","6","1","22","36","65.6","TGU",1952,6630.57049560547,37.2,37.2,NA,NA,8.79959693229417
"Tehama County","06103","Rural","37.2","31.8","43.3","6","1","22","36","65.6","TGU",1953,1964.97964477539,37.2,37.2,NA,NA,7.5837459470296
"Tehama County","06103","Rural","37.2","31.8","43.3","6","1","22","36","65.6","TGU",1954,2737.4267578125,37.2,37.2,NA,NA,7.91513885849912
"Tehama County","06103","Rural","37.2","31.8","43.3","6","1","22","36","65.6","TGU",1955,2715.73901367188,37.2,37.2,NA,NA,7.90718754801167
"Tehama County","06103","Rural","37.2","31.8","43.3","6","1","22","36","65.6","TGU",1957,3989.59320068359,37.2,37.2,NA,NA,8.29169517068387
"Tehama County","06103","Rural","37.2","31.8","43.3","6","1","22","36","65.6","TGU",1958,2943.94435119629,37.2,37.2,NA,NA,7.98784519987873
"Tehama County","06103","Rural","37.2","31.8","43.3","6","1","22","36","65.6","TGU",1959,5351.46612548828,37.2,37.2,NA,NA,8.58531269171673
"Tehama County","06103","Rural","37.2","31.8","43.3","6","1","22","36","65.6","TGU",1961,67209.8834228516,37.2,37.2,NA,NA,11.115590469095
"Tehama County","06103","Rural","37.2","31.8","43.3","6","1","22","36","65.6","TGU",1963,2120.55587768555,37.2,37.2,NA,NA,7.65990500305845
"Tehama County","06103","Rural","37.2","31.8","43.3","6","1","22","36","65.6","TGU",1964,2553.87303161621,37.2,37.2,NA,NA,7.84575780731934
"Tehama County","06103","Rural","37.2","31.8","43.3","6","1","22","36","65.6","TGU",1966,1293.64242553711,37.2,37.2,NA,NA,7.16598981672933
"Tehama County","06103","Rural","37.2","31.8","43.3","6","1","22","36","65.6","TGU",1968,1940.98773193359,37.2,37.2,NA,NA,7.57146733159836
"Tehama County","06103","Rural","37.2","31.8","43.3","6","1","22","36","65.6","TGU",1969,2051.73547363281,37.2,37.2,NA,NA,7.626928560024
"Tehama County","06103","Rural","37.2","31.8","43.3","6","1","22","36","65.6","TGU",1971,974.377868652344,37.2,37.2,NA,NA,6.88282495350895
"Tehama County","06103","Rural","37.2","31.8","43.3","6","1","22","36","65.6","TGU",1972,642.975524902344,37.2,37.2,NA,NA,6.46766072057213
"Tehama County","06103","Rural","37.2","31.8","43.3","6","1","22","36","65.6","TGU",1973,19893.3729553223,37.2,37.2,NA,NA,9.89819220466251
"Tehama County","06103","Rural","37.2","31.8","43.3","6","1","22","36","65.6","TGU",1974,6950.08999633789,37.2,37.2,NA,NA,8.84665376026712
"Tehama County","06103","Rural","37.2","31.8","43.3","6","1","22","36","65.6","TGU",1975,1136.12731933594,37.2,37.2,NA,NA,7.03626046578921
"Tehama County","06103","Rural","37.2","31.8","43.3","6","1","22","36","65.6","TGU",1976,109171.617248535,37.2,37.2,NA,NA,11.6006855530507
"Tehama County","06103","Rural","37.2","31.8","43.3","6","1","22","36","65.6","TGU",1979,9595.82202148438,37.2,37.2,NA,NA,9.16918728322157
"Tehama County","06103","Rural","37.2","31.8","43.3","6","1","22","36","65.6","TGU",1980,2958.45137023926,37.2,37.2,NA,NA,7.99275918224692
"Tehama County","06103","Rural","37.2","31.8","43.3","6","1","22","36","65.6","TGU",1981,3197.76073670387,37.2,37.2,NA,NA,8.07051874399947
"Tehama County","06103","Rural","37.2","31.8","43.3","6","1","22","36","65.6","TGU",1984,2858.84716796875,37.2,37.2,NA,NA,7.95852346461289
"Tehama County","06103","Rural","37.2","31.8","43.3","6","1","22","36","65.6","TGU",1986,419.192138671875,37.2,37.2,NA,NA,6.0407120796968
"Tehama County","06103","Rural","37.2","31.8","43.3","6","1","22","36","65.6","TGU",1988,529.620361328125,37.2,37.2,NA,NA,6.27404681512516
"Tehama County","06103","Rural","37.2","31.8","43.3","6","1","22","36","65.6","TGU",1989,1196.75421142578,37.2,37.2,NA,NA,7.08820359187125
"Tehama County","06103","Rural","37.2","31.8","43.3","6","1","22","36","65.6","TGU",1990,131943.32925415,37.2,37.2,NA,NA,11.7901353645332
"Tehama County","06103","Rural","37.2","31.8","43.3","6","1","22","36","65.6","TGU",1992,1331.17895507812,37.2,37.2,NA,NA,7.19457119273535
"Tehama County","06103","Rural","37.2","31.8","43.3","6","1","22","36","65.6","TGU",1994,44151.6392974854,37.2,37.2,NA,NA,10.6954079844828
"Tehama County","06103","Rural","37.2","31.8","43.3","6","1","22","36","65.6","TGU",1997,878.435363769531,37.2,37.2,NA,NA,6.77928006945822
"Tehama County","06103","Rural","37.2","31.8","43.3","6","1","22","36","65.6","TGU",1998,3055.78637695312,37.2,37.2,NA,NA,8.02511943948612
"Tehama County","06103","Rural","37.2","31.8","43.3","6","1","22","36","65.6","TGU",1999,96551.2713317871,37.2,37.2,NA,NA,11.4778398125078
"Tehama County","06103","Rural","37.2","31.8","43.3","6","1","22","36","65.6","TGU",2000,8725.9679107666,37.2,37.2,NA,NA,9.07417327015032
"Tehama County","06103","Rural","37.2","31.8","43.3","6","1","22","36","65.6","TGU",2001,1899.76176261902,37.2,37.2,NA,NA,7.55001001249872
"Tehama County","06103","Rural","37.2","31.8","43.3","6","1","22","36","65.6","TGU",2002,0.967982769012451,37.2,37.2,NA,NA,0.677009043008627
"Tehama County","06103","Rural","37.2","31.8","43.3","6","1","22","36","65.6","TGU",2003,921.321868896484,37.2,37.2,NA,NA,6.82689426122207
"Tehama County","06103","Rural","37.2","31.8","43.3","6","1","22","36","65.6","TGU",2004,196.596908569336,37.2,37.2,NA,NA,5.28622914029936
"Tehama County","06103","Rural","37.2","31.8","43.3","6","1","22","36","65.6","TGU",2005,5450.21868896484,37.2,37.2,NA,NA,8.60359447531381
"Tehama County","06103","Rural","37.2","31.8","43.3","6","1","22","36","65.6","TGU",2007,862.007860183716,37.2,37.2,NA,NA,6.76042379901845
"Tehama County","06103","Rural","37.2","31.8","43.3","6","1","22","36","65.6","TGU",2008,18329.1202392578,37.2,37.2,NA,NA,9.81630090050988
"Tehama County","06103","Rural","37.2","31.8","43.3","6","1","22","36","65.6","TGU",2010,41.6197166442871,37.2,37.2,NA,NA,3.75231697822714
"Tehama County","06103","Rural","37.2","31.8","43.3","6","1","22","36","65.6","TGU",2012,27670.37890625,37.2,37.2,NA,NA,10.2281539055201
"Tehama County","06103","Rural","37.2","31.8","43.3","6","1","22","36","65.6","TGU",2013,11737.2831726074,37.2,37.2,NA,NA,9.37061084526139
"Tehama County","06103","Rural","37.2","31.8","43.3","6","1","22","36","65.6","TGU",2015,359.703095018864,37.2,37.2,NA,NA,5.88805516846282
"Tehama County","06103","Rural","37.2","31.8","43.3","6","1","22","36","65.6","TGU",2016,1115.14543414116,37.2,37.2,4.92979146388443,-1.27707912440964,7.01763645178148
"Tehama County","06103","Rural","37.2","31.8","43.3","6","1","22","36","65.6","TGU",2017,254.313396453857,37.2,37.2,7.22961612838802,-0.481307405732942,5.54249179625054
"Tehama County","06103","Rural","37.2","31.8","43.3","6","1","22","36","65.6","TGU",2018,13518.6536827087,37.2,37.2,10.5827301991758,0.678917279310942,9.51189973408462
"Tehama County","06103","Rural","37.2","31.8","43.3","6","1","22","36","65.6","TGU",2019,11961.7250976562,37.2,37.2,5.44086243178622,-1.10024137291924,9.38955085252513
"Tehama County","06103","Rural","37.2","31.8","43.3","6","1","22","36","65.6","TGU",2020,1371.61144828796,37.2,37.2,13.2600082528249,1.60529318570534,7.22447037102548
"Tehama County","06103","Rural","37.2","31.8","43.3","6","1","22","36","65.6","TGU",2021,98.5253171920776,37.2,37.2,NA,NA,4.60041205594061
"Tehama County","06103","Rural","37.2","31.8","43.3","6","1","22","36","65.6","TGU",2022,1260.13060760498,37.2,37.2,NA,NA,7.1397639052287
"Tehama County","06103","Rural","37.2","31.8","43.3","6","1","22","36","65.6","TGU",2024,321.341302633286,37.2,37.2,NA,NA,5.77561093026431
"Butte County","06007","Urban","35.6","32.5","38.9","7","3","16","104","68.2","BTU",1950,3017.86785888672,35.6,35.6,NA,NA,8.01263715892007
"Butte County","06007","Urban","35.6","32.5","38.9","7","3","16","104","68.2","BTU",1951,471.250946044922,35.6,35.6,NA,NA,6.15751050965102
"Butte County","06007","Urban","35.6","32.5","38.9","7","3","16","104","68.2","BTU",1954,3742.33116149902,35.6,35.6,NA,NA,8.22773117887695
"Butte County","06007","Urban","35.6","32.5","38.9","7","3","16","104","68.2","BTU",1955,462.993988037109,35.6,35.6,NA,NA,6.13987159532574
"Butte County","06007","Urban","35.6","32.5","38.9","7","3","16","104","68.2","BTU",1957,1202.51818847656,35.6,35.6,NA,NA,7.09300437009319
"Butte County","06007","Urban","35.6","32.5","38.9","7","3","16","104","68.2","BTU",1958,1166.57312011719,35.6,35.6,NA,NA,7.06268261723259
"Butte County","06007","Urban","35.6","32.5","38.9","7","3","16","104","68.2","BTU",1959,3133.33480834961,35.6,35.6,NA,NA,8.05017224820854
"Butte County","06007","Urban","35.6","32.5","38.9","7","3","16","104","68.2","BTU",1960,928.402465820312,35.6,35.6,NA,NA,6.83454186977875
"Butte County","06007","Urban","35.6","32.5","38.9","7","3","16","104","68.2","BTU",1961,5159.3567199707,35.6,35.6,NA,NA,8.54876098786339
"Butte County","06007","Urban","35.6","32.5","38.9","7","3","16","104","68.2","BTU",1963,349.643585205078,35.6,35.6,NA,NA,5.85977028080468
"Butte County","06007","Urban","35.6","32.5","38.9","7","3","16","104","68.2","BTU",1964,11283.3349914551,35.6,35.6,NA,NA,9.33117075897785
"Butte County","06007","Urban","35.6","32.5","38.9","7","3","16","104","68.2","BTU",1966,12516.3533325195,35.6,35.6,NA,NA,9.43487122714081
"Butte County","06007","Urban","35.6","32.5","38.9","7","3","16","104","68.2","BTU",1967,281.089233398438,35.6,35.6,NA,NA,5.64222345137546
"Butte County","06007","Urban","35.6","32.5","38.9","7","3","16","104","68.2","BTU",1969,640.789733886719,35.6,35.6,NA,NA,6.46426073273405
"Butte County","06007","Urban","35.6","32.5","38.9","7","3","16","104","68.2","BTU",1972,699.039611816406,35.6,35.6,NA,NA,6.5511369217515
"Butte County","06007","Urban","35.6","32.5","38.9","7","3","16","104","68.2","BTU",1973,3089.67361450195,35.6,35.6,NA,NA,8.03614434435433
"Butte County","06007","Urban","35.6","32.5","38.9","7","3","16","104","68.2","BTU",1974,778.419799804688,35.6,35.6,NA,NA,6.65854979648839
"Butte County","06007","Urban","35.6","32.5","38.9","7","3","16","104","68.2","BTU",1975,780.449768066406,35.6,35.6,NA,NA,6.66115087148914
"Butte County","06007","Urban","35.6","32.5","38.9","7","3","16","104","68.2","BTU",1978,734.184692382812,35.6,35.6,NA,NA,6.60012174980025
"Butte County","06007","Urban","35.6","32.5","38.9","7","3","16","104","68.2","BTU",1979,1836.73098754883,35.6,35.6,NA,NA,7.51628693069603
"Butte County","06007","Urban","35.6","32.5","38.9","7","3","16","104","68.2","BTU",1980,535.244033813477,35.6,35.6,NA,NA,6.28458934442458
"Butte County","06007","Urban","35.6","32.5","38.9","7","3","16","104","68.2","BTU",1981,7604.69409179688,35.6,35.6,NA,NA,8.93665246835213
"Butte County","06007","Urban","35.6","32.5","38.9","7","3","16","104","68.2","BTU",1983,6689.54016113281,35.6,35.6,NA,NA,8.80844989143726
"Butte County","06007","Urban","35.6","32.5","38.9","7","3","16","104","68.2","BTU",1984,6192.22412109375,35.6,35.6,NA,NA,8.73121108970577
"Butte County","06007","Urban","35.6","32.5","38.9","7","3","16","104","68.2","BTU",1985,1268.28601074219,35.6,35.6,NA,NA,7.14620982509507
"Butte County","06007","Urban","35.6","32.5","38.9","7","3","16","104","68.2","BTU",1986,1027.97305297852,35.6,35.6,NA,NA,6.93631654790953
"Butte County","06007","Urban","35.6","32.5","38.9","7","3","16","104","68.2","BTU",1987,40039.002532959,35.6,35.6,NA,NA,10.5976342966899
"Butte County","06007","Urban","35.6","32.5","38.9","7","3","16","104","68.2","BTU",1988,155.805770874023,35.6,35.6,NA,NA,5.05500791128257
"Butte County","06007","Urban","35.6","32.5","38.9","7","3","16","104","68.2","BTU",1989,595.370300292969,35.6,35.6,NA,NA,6.39086178334908
"Butte County","06007","Urban","35.6","32.5","38.9","7","3","16","104","68.2","BTU",1990,1169.85893630981,35.6,35.6,NA,NA,7.06549289204568
"Butte County","06007","Urban","35.6","32.5","38.9","7","3","16","104","68.2","BTU",1991,3160.34783935547,35.6,35.6,NA,NA,8.05875374708388
"Butte County","06007","Urban","35.6","32.5","38.9","7","3","16","104","68.2","BTU",1992,14847.9580383301,35.6,35.6,NA,NA,9.6056849760001
"Butte County","06007","Urban","35.6","32.5","38.9","7","3","16","104","68.2","BTU",1993,743.673217773438,35.6,35.6,NA,NA,6.61294548829043
"Butte County","06007","Urban","35.6","32.5","38.9","7","3","16","104","68.2","BTU",1994,1818.87298583984,35.6,35.6,NA,NA,7.50652198963546
"Butte County","06007","Urban","35.6","32.5","38.9","7","3","16","104","68.2","BTU",1995,2139.8095703125,35.6,35.6,NA,NA,7.66893934036137
"Butte County","06007","Urban","35.6","32.5","38.9","7","3","16","104","68.2","BTU",1996,1953.52041625977,35.6,35.6,NA,NA,7.57790013094963
"Butte County","06007","Urban","35.6","32.5","38.9","7","3","16","104","68.2","BTU",1999,33804.9847717285,35.6,35.6,NA,NA,10.4283931300494
"Butte County","06007","Urban","35.6","32.5","38.9","7","3","16","104","68.2","BTU",2000,2322.14315795898,35.6,35.6,NA,NA,7.75067635719917
"Butte County","06007","Urban","35.6","32.5","38.9","7","3","16","104","68.2","BTU",2001,10631.3424682617,35.6,35.6,NA,NA,9.27165581095988
"Butte County","06007","Urban","35.6","32.5","38.9","7","3","16","104","68.2","BTU",2002,2386.67598342896,35.6,35.6,NA,NA,7.77807577997515
"Butte County","06007","Urban","35.6","32.5","38.9","7","3","16","104","68.2","BTU",2003,1162.13977050781,35.6,35.6,NA,NA,7.05887832630164
"Butte County","06007","Urban","35.6","32.5","38.9","7","3","16","104","68.2","BTU",2004,1954.70593261719,35.6,35.6,NA,NA,7.57850649809463
"Butte County","06007","Urban","35.6","32.5","38.9","7","3","16","104","68.2","BTU",2006,453.4169921875,35.6,35.6,NA,NA,6.1190152614866
"Butte County","06007","Urban","35.6","32.5","38.9","7","3","16","104","68.2","BTU",2007,2031.15269470215,35.6,35.6,NA,NA,7.61685095090571
"Butte County","06007","Urban","35.6","32.5","38.9","7","3","16","104","68.2","BTU",2008,80095.9012145996,35.6,35.6,NA,NA,11.2909924458487
"Butte County","06007","Urban","35.6","32.5","38.9","7","3","16","104","68.2","BTU",2009,24.4321670532227,35.6,35.6,NA,NA,3.23601479221003
"Butte County","06007","Urban","35.6","32.5","38.9","7","3","16","104","68.2","BTU",2010,825.333307266235,35.6,35.6,7.98793103448276,-0.218919770086194,6.71699821182158
"Butte County","06007","Urban","35.6","32.5","38.9","7","3","16","104","68.2","BTU",2011,48.190821647644,35.6,35.6,12.0032786885246,1.1704470599417,3.89570705421814
"Butte County","06007","Urban","35.6","32.5","38.9","7","3","16","104","68.2","BTU",2012,1985.53963470459,35.6,35.6,7.79761904761905,-0.284770397400864,7.5941495270841
"Butte County","06007","Urban","35.6","32.5","38.9","7","3","16","104","68.2","BTU",2013,10071.0275878906,35.6,35.6,10.1666666666667,0.534953438304403,9.21751731478821
"Butte County","06007","Urban","35.6","32.5","38.9","7","3","16","104","68.2","BTU",2014,713.931945800781,35.6,35.6,8.80740740740741,0.0646305943229777,6.57218735746583
"Butte County","06007","Urban","35.6","32.5","38.9","7","3","16","104","68.2","BTU",2015,2488.79401111603,35.6,35.6,9.16957831325301,0.18994682762012,7.8199552595773
"Butte County","06007","Urban","35.6","32.5","38.9","7","3","16","104","68.2","BTU",2016,1618.10589599609,35.6,35.6,7.60091463414634,-0.352832894336584,7.38962935981291
"Butte County","06007","Urban","35.6","32.5","38.9","7","3","16","104","68.2","BTU",2017,18953.6086368561,35.6,35.6,9.03659305993691,0.143932057353773,9.84980238077638
"Butte County","06007","Urban","35.6","32.5","38.9","7","3","16","104","68.2","BTU",2018,155141.882147789,35.6,35.6,13.7734104046243,1.78293755965065,11.9521017915943
"Butte County","06007","Urban","35.6","32.5","38.9","7","3","16","104","68.2","BTU",2019,567.582901000977,35.6,35.6,7.4146313943662,-0.417289518429928,6.34314712665951
"Butte County","06007","Urban","35.6","32.5","38.9","7","3","16","104","68.2","BTU",2020,3010.80043840408,35.6,35.6,16.0312488919668,2.56418146980532,8.01029333121486
"Butte County","06007","Urban","35.6","32.5","38.9","7","3","16","104","68.2","BTU",2021,963954.431213379,35.6,35.6,NA,NA,13.7788003393428
"Butte County","06007","Urban","35.6","32.5","38.9","7","3","16","104","68.2","BTU",2022,819.375801563263,35.6,35.6,NA,NA,6.70976252986275
"Butte County","06007","Urban","35.6","32.5","38.9","7","3","16","104","68.2","BTU",2023,180.361317634583,35.6,35.6,NA,NA,5.20049127147164
"Butte County","06007","Urban","35.6","32.5","38.9","7","3","16","104","68.2","BTU",2024,435743.072827578,35.6,35.6,NA,NA,12.9848103610582
"Humboldt County","06023","Rural","34.4","30.6","38.5","8","3","23","64","70.2",NA,NA,NA,34.4,34.4,NA,NA,NA
"Sutter County","06101","Urban","33.2","28.8","38.2","9","3","29","41","70.8",NA,NA,NA,33.2,33.2,NA,NA,NA
"Modoc County","06049","Rural","33.1","22","50.1","10","1","55","6","78.4",NA,NA,NA,33.1,33.1,NA,NA,NA
"Amador County","06005","Rural","33","27.4","39.8","11","2","38","26","69.4",NA,NA,NA,33,33,NA,NA,NA
"Trinity County","06105","Rural","32.2","23.8","43.9","12","1","53","10","74.3",NA,NA,NA,32.2,32.2,NA,NA,NA
"Solano County","06095","Urban","31.5","29.4","33.7","13","7","23","174","66.5",NA,NA,NA,31.5,31.5,NA,NA,NA
"Tuolumne County","06109","Rural","31.5","26.8","37","14","4","36","34","67.3",NA,NA,NA,31.5,31.5,NA,NA,NA
"Siskiyou County","06093","Rural","30.8","25.3","37.3","15","4","46","25","61.2",NA,NA,NA,30.8,30.8,NA,NA,NA
"Mariposa County","06043","Rural","30.8","22","42.8","16","1","55","10","66.7",NA,NA,NA,30.8,30.8,NA,NA,NA
"Stanislaus County","06099","Urban","30.5","28.5","32.7","17","8","26","175","68.7",NA,NA,NA,30.5,30.5,NA,NA,NA
"Mendocino County","06045","Rural","30","26.1","34.5","18","6","38","45","76.8","MNF",1916,6189.306640625,30,30,NA,NA,8.7307399025171
"Mendocino County","06045","Rural","30","26.1","34.5","18","6","38","45","76.8","MNF",1920,1425.25988769531,30,30,NA,NA,7.26281083380453
"Mendocino County","06045","Rural","30","26.1","34.5","18","6","38","45","76.8","MNF",1921,2573.06396484375,30,30,NA,NA,7.85324123821395
"Mendocino County","06045","Rural","30","26.1","34.5","18","6","38","45","76.8","MNF",1922,42356.8374023438,30,30,NA,NA,10.6539087455874
"Mendocino County","06045","Rural","30","26.1","34.5","18","6","38","45","76.8","MNF",1923,26507.4763183594,30,30,NA,NA,10.1852198218998
"Mendocino County","06045","Rural","30","26.1","34.5","18","6","38","45","76.8","MNF",1924,8448.82958984375,30,30,NA,NA,9.04190155326547
"Mendocino County","06045","Rural","30","26.1","34.5","18","6","38","45","76.8","MNF",1926,2317.47290039062,30,30,NA,NA,7.74866401533993
"Mendocino County","06045","Rural","30","26.1","34.5","18","6","38","45","76.8","MNF",1927,1958.19128417969,30,30,NA,NA,7.58028705696518
"Mendocino County","06045","Rural","30","26.1","34.5","18","6","38","45","76.8","MNF",1928,24050.9763793945,30,30,NA,NA,10.0879724500949
"Mendocino County","06045","Rural","30","26.1","34.5","18","6","38","45","76.8","MNF",1929,12413.2220458984,30,30,NA,NA,9.42659803354623
"Mendocino County","06045","Rural","30","26.1","34.5","18","6","38","45","76.8","MNF",1930,803.189697265625,30,30,NA,NA,6.68983518322173
"Mendocino County","06045","Rural","30","26.1","34.5","18","6","38","45","76.8","MNF",1931,3324.22747802734,30,30,NA,NA,8.10929336519411
"Mendocino County","06045","Rural","30","26.1","34.5","18","6","38","45","76.8","MNF",1932,35767.4747314453,30,30,NA,NA,10.4848221903443
"Mendocino County","06045","Rural","30","26.1","34.5","18","6","38","45","76.8","MNF",1933,10177.9865722656,30,30,NA,NA,9.22808073429101
"Mendocino County","06045","Rural","30","26.1","34.5","18","6","38","45","76.8","MNF",1934,3978.0859375,30,30,NA,NA,8.28880740795696
"Mendocino County","06045","Rural","30","26.1","34.5","18","6","38","45","76.8","MNF",1937,2796.17724609375,30,30,NA,NA,7.93636606126701
"Mendocino County","06045","Rural","30","26.1","34.5","18","6","38","45","76.8","MNF",1939,29666.9495239258,30,30,NA,NA,10.2978226014908
"Mendocino County","06045","Rural","30","26.1","34.5","18","6","38","45","76.8","MNF",1944,36223.9440917969,30,30,NA,NA,10.497503223828
"Mendocino County","06045","Rural","30","26.1","34.5","18","6","38","45","76.8","MNF",1946,6141.27001953125,30,30,NA,NA,8.72294966283665
"Mendocino County","06045","Rural","30","26.1","34.5","18","6","38","45","76.8","MNF",1949,2205.46392822266,30,30,NA,NA,7.69914648061434
"Mendocino County","06045","Rural","30","26.1","34.5","18","6","38","45","76.8","MNF",1951,4844.92138671875,30,30,NA,NA,8.4858926789417
"Mendocino County","06045","Rural","30","26.1","34.5","18","6","38","45","76.8","MNF",1952,441.456634521484,30,30,NA,NA,6.09234245856417
"Mendocino County","06045","Rural","30","26.1","34.5","18","6","38","45","76.8","MNF",1958,371.699462890625,30,30,NA,NA,5.92077236535357
"Mendocino County","06045","Rural","30","26.1","34.5","18","6","38","45","76.8","MNF",1966,27838.1918945312,30,30,NA,NA,10.2342000872502
"Mendocino County","06045","Rural","30","26.1","34.5","18","6","38","45","76.8","MNF",1970,20.9812049865723,30,30,NA,NA,3.09018776942787
"Mendocino County","06045","Rural","30","26.1","34.5","18","6","38","45","76.8","MNF",1971,2999.98327636719,30,30,NA,NA,8.00669527273813
"Mendocino County","06045","Rural","30","26.1","34.5","18","6","38","45","76.8","MNF",1973,26510.0994338989,30,30,NA,NA,10.1853187708448
"Mendocino County","06045","Rural","30","26.1","34.5","18","6","38","45","76.8","MNF",1975,2643.05983734131,30,30,NA,NA,7.88007083208512
"Mendocino County","06045","Rural","30","26.1","34.5","18","6","38","45","76.8","MNF",1977,600.155975341797,30,30,NA,NA,6.39885442722313
"Mendocino County","06045","Rural","30","26.1","34.5","18","6","38","45","76.8","MNF",1978,151.819629669189,30,30,NA,NA,5.02925833490271
"Mendocino County","06045","Rural","30","26.1","34.5","18","6","38","45","76.8","MNF",1979,4.75950479507446,30,30,NA,NA,1.75085149793455
"Mendocino County","06045","Rural","30","26.1","34.5","18","6","38","45","76.8","MNF",1980,36.1477584838867,30,30,NA,NA,3.61490343243593
"Mendocino County","06045","Rural","30","26.1","34.5","18","6","38","45","76.8","MNF",1982,34.5114898681641,30,30,NA,NA,3.56985630237348
"Mendocino County","06045","Rural","30","26.1","34.5","18","6","38","45","76.8","MNF",1983,89.3831176757812,30,30,NA,NA,4.50405749858382
"Mendocino County","06045","Rural","30","26.1","34.5","18","6","38","45","76.8","MNF",1984,1110.01038742065,30,30,NA,NA,7.01302513920947
"Mendocino County","06045","Rural","30","26.1","34.5","18","6","38","45","76.8","MNF",1985,35.4597578048706,30,30,NA,NA,3.59620912646572
"Mendocino County","06045","Rural","30","26.1","34.5","18","6","38","45","76.8","MNF",1986,368.789428710938,30,30,NA,NA,5.91293373204074
"Mendocino County","06045","Rural","30","26.1","34.5","18","6","38","45","76.8","MNF",1987,17895.4646639824,30,30,NA,NA,9.79235846751675
"Mendocino County","06045","Rural","30","26.1","34.5","18","6","38","45","76.8","MNF",1988,5976.26289844513,30,30,NA,NA,8.69571803287369
"Mendocino County","06045","Rural","30","26.1","34.5","18","6","38","45","76.8","MNF",1989,625.312507629395,30,30,NA,NA,6.43984946
"Mendocino County","06045","Rural","30","26.1","34.5","18","6","38","45","76.8","MNF",1990,3617.53454971313,30,30,NA,NA,8.19382440233664
"Mendocino County","06045","Rural","30","26.1","34.5","18","6","38","45","76.8","MNF",1991,2223.19108963013,30,30,NA,NA,7.7071485732757
"Mendocino County","06045","Rural","30","26.1","34.5","18","6","38","45","76.8","MNF",1992,15.4499607086182,30,30,NA,NA,2.80032308867468
"Mendocino County","06045","Rural","30","26.1","34.5","18","6","38","45","76.8","MNF",1994,3033.22631835938,30,30,NA,NA,8.01771175118033
"Mendocino County","06045","Rural","30","26.1","34.5","18","6","38","45","76.8","MNF",1996,83056.9453125,30,30,NA,NA,11.3272937794901
"Mendocino County","06045","Rural","30","26.1","34.5","18","6","38","45","76.8","MNF",1998,361.877327919006,30,30,NA,NA,5.89406483753333
"Mendocino County","06045","Rural","30","26.1","34.5","18","6","38","45","76.8","MNF",1999,430.039825439453,30,30,NA,NA,6.06620048824663
"Mendocino County","06045","Rural","30","26.1","34.5","18","6","38","45","76.8","MNF",2000,2609.04818725586,30,30,NA,NA,7.86712396269645
"Mendocino County","06045","Rural","30","26.1","34.5","18","6","38","45","76.8","MNF",2001,25364.6994018555,30,30,NA,NA,10.1411531231218
"Mendocino County","06045","Rural","30","26.1","34.5","18","6","38","45","76.8","MNF",2003,15719.2639813535,30,30,NA,NA,9.66270585854917
"Mendocino County","06045","Rural","30","26.1","34.5","18","6","38","45","76.8","MNF",2005,1719.7666015625,30,30,NA,NA,7.45052516909624
"Mendocino County","06045","Rural","30","26.1","34.5","18","6","38","45","76.8","MNF",2006,18057.7989983559,30,30,NA,NA,9.80138832411496
"Mendocino County","06045","Rural","30","26.1","34.5","18","6","38","45","76.8","MNF",2007,206.555088996887,30,30,NA,NA,5.33539679357637
"Mendocino County","06045","Rural","30","26.1","34.5","18","6","38","45","76.8","MNF",2008,73299.4230213165,30,30,NA,NA,11.2023216589538
"Mendocino County","06045","Rural","30","26.1","34.5","18","6","38","45","76.8","MNF",2009,287.072845458984,30,30,NA,NA,5.6632133837746
"Mendocino County","06045","Rural","30","26.1","34.5","18","6","38","45","76.8","MNF",2012,71353.8157753944,30,30,6.11307743614638,-0.867645515680095,11.1754201157274
"Mendocino County","06045","Rural","30","26.1","34.5","18","6","38","45","76.8","MNF",2013,547.795226097107,30,30,9.60307320717131,0.339942165132252,6.30772537757119
"Mendocino County","06045","Rural","30","26.1","34.5","18","6","38","45","76.8","MNF",2015,246.882923126221,30,30,8.27466746777547,-0.119704926515579,5.5129565505297
"Mendocino County","06045","Rural","30","26.1","34.5","18","6","38","45","76.8","MNF",2017,146.012371063232,30,30,9.17925250674764,0.19329423479548,4.99051674013048
"Mendocino County","06045","Rural","30","26.1","34.5","18","6","38","45","76.8","MNF",2018,1052.29309844971,30,30,10.5669722982094,0.67346482368319,6.95967681950897
"Mendocino County","06045","Rural","30","26.1","34.5","18","6","38","45","76.8","MNF",2019,668.990301132202,30,30,5.68626513569937,-1.01532858175086,6.50726323635815
"Mendocino County","06045","Rural","30","26.1","34.5","18","6","38","45","76.8","MNF",2020,1032929.74075508,30,30,11.4122875627142,0.965955808426953,13.8479106991503
"Mendocino County","06045","Rural","30","26.1","34.5","18","6","38","45","76.8","MNF",2023,472.720855712891,30,30,NA,NA,6.16061823622017
"Mendocino County","06045","Rural","30","26.1","34.5","18","6","38","45","76.8","MNF",NA,1448.19464111328,30,30,NA,NA,7.27876326118996
"Colusa County","06011","Rural","29.9","20.9","41.5","19","1","55","7","72.5",NA,NA,NA,29.9,29.9,NA,NA,NA
"Calaveras County","06009","Rural","29.9","24.8","36","20","5","47","27","67.3",NA,NA,NA,29.9,29.9,NA,NA,NA
"Sacramento County","06067","Urban","28.9","27.7","30","21","14","27","511","66.6",NA,NA,NA,28.9,28.9,NA,NA,NA
"Yolo County","06113","Urban","28.3","25.2","31.8","22","10","41","61","67.2",NA,NA,NA,28.3,28.3,NA,NA,NA
"Merced County","06047","Urban","28.3","25.4","31.4","23","10","40","72","72.2",NA,NA,NA,28.3,28.3,NA,NA,NA
"San Joaquin County","06077","Urban","28.2","26.6","30","24","14","31","223","69.8",NA,NA,NA,28.2,28.2,NA,NA,NA
"Madera County","06039","Urban","27.8","24.2","31.7","25","10","46","46","72.4",NA,NA,NA,27.8,27.8,NA,NA,NA
"Lassen County","06035","Rural","27.7","20.5","36.8","26","4","55","10","68.0",NA,NA,NA,27.7,27.7,NA,NA,NA
"Kern County","06029","Urban","26.9","25.3","28.6","27","17","37","219","67.1",NA,NA,NA,26.9,26.9,NA,NA,NA
"Kings County","06031","Urban","26.9","22.9","31.3","28","10","52","34","73.7",NA,NA,NA,26.9,26.9,NA,NA,NA
"Fresno County","06019","Urban","26.4","24.9","27.9","29","20","40","257","68.4",NA,NA,NA,26.4,26.4,NA,NA,NA
"San Luis Obispo County","06079","Urban","25.9","23.7","28.2","30","18","46","109","66.4",NA,NA,NA,25.9,25.9,NA,NA,NA
"Contra Costa County","06013","Urban","25.5","24.3","26.7","31","22","42","367","69.2",NA,NA,NA,25.5,25.5,NA,NA,NA
"Plumas County","06063","Rural","25.4","18.8","34.7","32","6","55","10","66.7",NA,NA,NA,25.4,25.4,NA,NA,NA
"Sonoma County","06097","Urban","25.4","23.7","27.1","33","21","45","185","68.3",NA,NA,NA,25.4,25.4,NA,NA,NA
"Alameda County","06001","Urban","25","24","26","34","25","43","467","70.7",NA,NA,NA,25,25,NA,NA,NA
"San Francisco County","06075","Urban","24.9","23.6","26.3","35","24","45","269","62.8",NA,NA,NA,24.9,24.9,NA,NA,NA
"San Diego County","06073","Urban","24.9","24.1","25.6","36","27","42","912","63.9",NA,NA,NA,24.9,24.9,NA,NA,NA
"San Bernardino County","06071","Urban","24.5","23.5","25.5","37","27","45","508","66.3",NA,NA,NA,24.5,24.5,NA,NA,NA
"Placer County","06061","Urban","24","22.3","25.9","38","25","51","142","62.4",NA,NA,NA,24,24,NA,NA,NA
"Santa Cruz County","06087","Urban","24","21.7","26.5","39","23","53","83","69.5",NA,NA,NA,24,24,NA,NA,NA
"El Dorado County","06017","Urban","24","21.5","26.7","40","22","53","74","68.3",NA,NA,NA,24,24,NA,NA,NA
"Riverside County","06065","Urban","23.9","23.1","24.8","41","31","46","657","64.6",NA,NA,NA,23.9,23.9,NA,NA,NA
"Santa Barbara County","06083","Urban","23.9","22","25.9","42","25","52","126","68.3",NA,NA,NA,23.9,23.9,NA,NA,NA
"Orange County","06059","Urban","23.5","22.8","24.2","43","35","47","877","65.7",NA,NA,NA,23.5,23.5,NA,NA,NA
"Napa County","06055","Urban","22.8","20","26.1","44","23","55","47","63.3","LNU",1946,1282.68310546875,22.8,22.8,NA,NA,7.1574886511947
"Napa County","06055","Urban","22.8","20","26.1","44","23","55","47","63.3","LNU",1947,22998.6557617188,22.8,22.8,NA,NA,10.0432345279175
"Napa County","06055","Urban","22.8","20","26.1","44","23","55","47","63.3","LNU",1948,18278.08203125,22.8,22.8,NA,NA,9.81351262663836
"Napa County","06055","Urban","22.8","20","26.1","44","23","55","47","63.3","LNU",1949,7337.89721679688,22.8,22.8,NA,NA,8.90094386737776
"Napa County","06055","Urban","22.8","20","26.1","44","23","55","47","63.3","LNU",1950,39104.3196411133,22.8,22.8,NA,NA,10.5740137889216
"Napa County","06055","Urban","22.8","20","26.1","44","23","55","47","63.3","LNU",1951,29484.1253356934,22.8,22.8,NA,NA,10.2916411892546
"Napa County","06055","Urban","22.8","20","26.1","44","23","55","47","63.3","LNU",1952,28194.5074462891,22.8,22.8,NA,NA,10.2469179338197
"Napa County","06055","Urban","22.8","20","26.1","44","23","55","47","63.3","LNU",1953,10537.8834533691,22.8,22.8,NA,NA,9.26282688226848
"Napa County","06055","Urban","22.8","20","26.1","44","23","55","47","63.3","LNU",1954,18233.8273010254,22.8,22.8,NA,NA,9.81108863245625
"Napa County","06055","Urban","22.8","20","26.1","44","23","55","47","63.3","LNU",1955,15136.5848388672,22.8,22.8,NA,NA,9.62493599239508
"Napa County","06055","Urban","22.8","20","26.1","44","23","55","47","63.3","LNU",1956,1618.08905029297,22.8,22.8,NA,NA,7.38961895543429
"Napa County","06055","Urban","22.8","20","26.1","44","23","55","47","63.3","LNU",1957,18156.0968475342,22.8,22.8,NA,NA,9.80681677415159
"Napa County","06055","Urban","22.8","20","26.1","44","23","55","47","63.3","LNU",1958,1136.46562194824,22.8,22.8,NA,NA,7.03655792790531
"Napa County","06055","Urban","22.8","20","26.1","44","23","55","47","63.3","LNU",1959,12558.4303741455,22.8,22.8,NA,NA,9.43822708661679
"Napa County","06055","Urban","22.8","20","26.1","44","23","55","47","63.3","LNU",1960,18540.6326904297,22.8,22.8,NA,NA,9.82777389837249
"Napa County","06055","Urban","22.8","20","26.1","44","23","55","47","63.3","LNU",1961,19660.0972747803,22.8,22.8,NA,NA,9.8863972046961
"Napa County","06055","Urban","22.8","20","26.1","44","23","55","47","63.3","LNU",1962,13527.5031280518,22.8,22.8,NA,NA,9.51255408149325
"Napa County","06055","Urban","22.8","20","26.1","44","23","55","47","63.3","LNU",1963,2277.9372253418,22.8,22.8,NA,NA,7.73146448404043
"Napa County","06055","Urban","22.8","20","26.1","44","23","55","47","63.3","LNU",1964,73692.7267150879,22.8,22.8,NA,NA,11.2076729553563
"Napa County","06055","Urban","22.8","20","26.1","44","23","55","47","63.3","LNU",1966,21189.4517364502,22.8,22.8,NA,NA,9.96130596941407
"Napa County","06055","Urban","22.8","20","26.1","44","23","55","47","63.3","LNU",1967,8947.79162597656,22.8,22.8,NA,NA,9.09927378829634
"Napa County","06055","Urban","22.8","20","26.1","44","23","55","47","63.3","LNU",1968,9757.58203125,22.8,22.8,NA,NA,9.18590238516904
"Napa County","06055","Urban","22.8","20","26.1","44","23","55","47","63.3","LNU",1969,255.626098632812,22.8,22.8,NA,NA,5.5476201564125
"Napa County","06055","Urban","22.8","20","26.1","44","23","55","47","63.3","LNU",1970,1661.76943969727,22.8,22.8,NA,NA,7.41623982838909
"Napa County","06055","Urban","22.8","20","26.1","44","23","55","47","63.3","LNU",1972,16170.2358703613,22.8,22.8,NA,NA,9.69098937948117
"Napa County","06055","Urban","22.8","20","26.1","44","23","55","47","63.3","LNU",1973,5727.9521484375,22.8,22.8,NA,NA,8.65328792185799
"Napa County","06055","Urban","22.8","20","26.1","44","23","55","47","63.3","LNU",1974,919.793251037598,22.8,22.8,NA,NA,6.82523552792555
"Napa County","06055","Urban","22.8","20","26.1","44","23","55","47","63.3","LNU",1975,2872.24536132812,22.8,22.8,NA,NA,7.96319745781378
"Napa County","06055","Urban","22.8","20","26.1","44","23","55","47","63.3","LNU",1976,10645.6106567383,22.8,22.8,NA,NA,9.27299687229228
"Napa County","06055","Urban","22.8","20","26.1","44","23","55","47","63.3","LNU",1978,828.968063354492,22.8,22.8,NA,NA,6.7213872221642
"Napa County","06055","Urban","22.8","20","26.1","44","23","55","47","63.3","LNU",1979,5171.55648803711,22.8,22.8,NA,NA,8.55112233039856
"Napa County","06055","Urban","22.8","20","26.1","44","23","55","47","63.3","LNU",1980,2372.92010498047,22.8,22.8,NA,NA,7.77229792042489
"Napa County","06055","Urban","22.8","20","26.1","44","23","55","47","63.3","LNU",1981,60387.576385498,22.8,22.8,NA,NA,11.0085552333446
"Napa County","06055","Urban","22.8","20","26.1","44","23","55","47","63.3","LNU",1982,6742.07012939453,22.8,22.8,NA,NA,8.81627060900595
"Napa County","06055","Urban","22.8","20","26.1","44","23","55","47","63.3","LNU",1983,5665.38624572754,22.8,22.8,NA,NA,8.64230684709769
"Napa County","06055","Urban","22.8","20","26.1","44","23","55","47","63.3","LNU",1984,477.825866699219,22.8,22.8,NA,NA,6.17133699624132
"Napa County","06055","Urban","22.8","20","26.1","44","23","55","47","63.3","LNU",1985,11673.5722198486,22.8,22.8,NA,NA,9.36516844116762
"Napa County","06055","Urban","22.8","20","26.1","44","23","55","47","63.3","LNU",1987,343.803070068359,22.8,22.8,NA,NA,5.84297344266045
"Napa County","06055","Urban","22.8","20","26.1","44","23","55","47","63.3","LNU",1988,41239.5875854492,22.8,22.8,NA,NA,10.6271781859792
"Napa County","06055","Urban","22.8","20","26.1","44","23","55","47","63.3","LNU",1989,2073.6884765625,22.8,22.8,NA,NA,7.63756628961679
"Napa County","06055","Urban","22.8","20","26.1","44","23","55","47","63.3","LNU",1990,1921.79321289062,22.8,22.8,NA,NA,7.56153420620841
"Napa County","06055","Urban","22.8","20","26.1","44","23","55","47","63.3","LNU",1991,8632.23037719727,22.8,22.8,NA,NA,9.06337403352724
"Napa County","06055","Urban","22.8","20","26.1","44","23","55","47","63.3","LNU",1992,7400.81329345703,22.8,22.8,NA,NA,8.9094802888313
"Napa County","06055","Urban","22.8","20","26.1","44","23","55","47","63.3","LNU",1993,766.052978515625,22.8,22.8,NA,NA,6.64255587136208
"Napa County","06055","Urban","22.8","20","26.1","44","23","55","47","63.3","LNU",1994,1275.53820800781,22.8,22.8,NA,NA,7.1519071680846
"Napa County","06055","Urban","22.8","20","26.1","44","23","55","47","63.3","LNU",1995,5570.57928466797,22.8,22.8,NA,NA,8.62543382678485
"Napa County","06055","Urban","22.8","20","26.1","44","23","55","47","63.3","LNU",1996,6279.50708007812,22.8,22.8,NA,NA,8.74520600143789
"Napa County","06055","Urban","22.8","20","26.1","44","23","55","47","63.3","LNU",1997,333.600555419922,22.8,22.8,NA,NA,5.81293744850329
"Napa County","06055","Urban","22.8","20","26.1","44","23","55","47","63.3","LNU",1998,6834.13543701172,22.8,22.8,NA,NA,8.82983156417925
"Napa County","06055","Urban","22.8","20","26.1","44","23","55","47","63.3","LNU",1999,43393.6112213135,22.8,22.8,NA,NA,10.6780905469718
"Napa County","06055","Urban","22.8","20","26.1","44","23","55","47","63.3","LNU",2000,12931.1022644043,22.8,22.8,NA,NA,9.46746804667087
"Napa County","06055","Urban","22.8","20","26.1","44","23","55","47","63.3","LNU",2001,498.150787353516,22.8,22.8,NA,NA,6.21290822916978
"Napa County","06055","Urban","22.8","20","26.1","44","23","55","47","63.3","LNU",2002,2566.04117584229,22.8,22.8,NA,NA,7.85050922119527
"Napa County","06055","Urban","22.8","20","26.1","44","23","55","47","63.3","LNU",2003,2800.88979578018,22.8,22.8,NA,NA,7.93804939556681
"Napa County","06055","Urban","22.8","20","26.1","44","23","55","47","63.3","LNU",2004,53044.8328838348,22.8,22.8,NA,NA,10.878911590228
"Napa County","06055","Urban","22.8","20","26.1","44","23","55","47","63.3","LNU",2005,2114.12579345703,22.8,22.8,NA,NA,7.65686956652354
"Napa County","06055","Urban","22.8","20","26.1","44","23","55","47","63.3","LNU",2006,16871.8457763195,22.8,22.8,NA,NA,9.73346084989221
"Napa County","06055","Urban","22.8","20","26.1","44","23","55","47","63.3","LNU",2007,1663.92415595055,22.8,22.8,NA,NA,7.41753484939537
"Napa County","06055","Urban","22.8","20","26.1","44","23","55","47","63.3","LNU",2008,17465.3975982666,22.8,22.8,NA,NA,9.76803417684298
"Napa County","06055","Urban","22.8","20","26.1","44","23","55","47","63.3","LNU",2009,2452.11708068848,22.8,22.8,NA,NA,7.80511477271118
"Napa County","06055","Urban","22.8","20","26.1","44","23","55","47","63.3","LNU",2010,346.924438476562,22.8,22.8,NA,NA,5.85198532538369
"Napa County","06055","Urban","22.8","20","26.1","44","23","55","47","63.3","LNU",2011,1239.2195186615,22.8,22.8,NA,NA,7.12304367410954
"Napa County","06055","Urban","22.8","20","26.1","44","23","55","47","63.3","LNU",2012,31423.8484740257,22.8,22.8,13.7172101842105,1.76349149200953,10.3553542116179
"Napa County","06055","Urban","22.8","20","26.1","44","23","55","47","63.3","LNU",2013,5286.81325432658,22.8,22.8,11.7592198391608,1.08599926137077,8.57316006591674
"Napa County","06055","Urban","22.8","20","26.1","44","23","55","47","63.3","LNU",2014,11526.6210565567,22.8,22.8,11.9551798899721,1.15380419834398,9.35250126557044
"Napa County","06055","Urban","22.8","20","26.1","44","23","55","47","63.3","LNU",2015,179769.700382233,22.8,22.8,10.6302557611111,0.695361792967153,12.0994374310235
"Napa County","06055","Urban","22.8","20","26.1","44","23","55","47","63.3","LNU",2016,11937.2980337143,22.8,22.8,8.54379041477273,-0.0265845972257925,9.38750683354633
"Napa County","06055","Urban","22.8","20","26.1","44","23","55","47","63.3","LNU",2017,205853.468799114,22.8,22.8,13.7521156116505,1.77556926142115,12.2349247359695
"Napa County","06055","Urban","22.8","20","26.1","44","23","55","47","63.3","LNU",2018,570247.347058773,22.8,22.8,11.3970562640449,0.960685564609336,13.2538272415169
"Napa County","06055","Urban","22.8","20","26.1","44","23","55","47","63.3","LNU",2019,80941.4609966278,22.8,22.8,5.93311387709497,-0.929915441251322,11.3014938231644
"Napa County","06055","Urban","22.8","20","26.1","44","23","55","47","63.3","LNU",2020,433713.332237005,22.8,22.8,10.2758068509142,0.572717478900995,12.9801413757082
"Napa County","06055","Urban","22.8","20","26.1","44","23","55","47","63.3","LNU",2021,526.930181980133,22.8,22.8,NA,NA,6.26896404386473
"Napa County","06055","Urban","22.8","20","26.1","44","23","55","47","63.3","LNU",2022,458.393967092037,22.8,22.8,NA,NA,6.12990815802257
"Napa County","06055","Urban","22.8","20","26.1","44","23","55","47","63.3","LNU",2023,97.1194534301758,22.8,22.8,NA,NA,4.58618564895259
"Napa County","06055","Urban","22.8","20","26.1","44","23","55","47","63.3","LNU",2024,23552.7785072327,22.8,22.8,NA,NA,10.0670415327414
"Nevada County","06057","Rural","22.8","19.8","26.2","45","23","55","46","67.2","NEU",1950,6226.80807495117,22.8,22.8,NA,NA,8.73677971599722
"Nevada County","06057","Rural","22.8","19.8","26.2","45","23","55","46","67.2","NEU",1951,3266.89096069336,22.8,22.8,NA,NA,8.09190008966234
"Nevada County","06057","Rural","22.8","19.8","26.2","45","23","55","46","67.2","NEU",1952,1097.78244018555,22.8,22.8,NA,NA,7.00195797319203
"Nevada County","06057","Rural","22.8","19.8","26.2","45","23","55","46","67.2","NEU",1953,4351.73864746094,22.8,22.8,NA,NA,8.37856050011303
"Nevada County","06057","Rural","22.8","19.8","26.2","45","23","55","46","67.2","NEU",1954,2536.42367553711,22.8,22.8,NA,NA,7.83890454429161
"Nevada County","06057","Rural","22.8","19.8","26.2","45","23","55","46","67.2","NEU",1955,1561.14651489258,22.8,22.8,NA,NA,7.35381612554783
"Nevada County","06057","Rural","22.8","19.8","26.2","45","23","55","46","67.2","NEU",1956,316.576202392578,22.8,22.8,NA,NA,5.76071779707122
"Nevada County","06057","Rural","22.8","19.8","26.2","45","23","55","46","67.2","NEU",1957,627.130676269531,22.8,22.8,NA,NA,6.44274822805362
"Nevada County","06057","Rural","22.8","19.8","26.2","45","23","55","46","67.2","NEU",1958,1382.37298583984,22.8,22.8,NA,NA,7.23227998860835
"Nevada County","06057","Rural","22.8","19.8","26.2","45","23","55","46","67.2","NEU",1959,3164.23754882812,22.8,22.8,NA,NA,8.0599833866838
"Nevada County","06057","Rural","22.8","19.8","26.2","45","23","55","46","67.2","NEU",1960,10945.0797729492,22.8,22.8,NA,NA,9.30073665954038
"Nevada County","06057","Rural","22.8","19.8","26.2","45","23","55","46","67.2","NEU",1961,10293.2618713379,22.8,22.8,NA,NA,9.23934191910983
"Nevada County","06057","Rural","22.8","19.8","26.2","45","23","55","46","67.2","NEU",1962,102.553024291992,22.8,22.8,NA,NA,4.64008379351836
"Nevada County","06057","Rural","22.8","19.8","26.2","45","23","55","46","67.2","NEU",1963,501.961822509766,22.8,22.8,NA,NA,6.22051426763625
"Nevada County","06057","Rural","22.8","19.8","26.2","45","23","55","46","67.2","NEU",1964,4264.35577392578,22.8,22.8,NA,NA,8.35828087354543
"Nevada County","06057","Rural","22.8","19.8","26.2","45","23","55","46","67.2","NEU",1965,3797.71826171875,22.8,22.8,NA,NA,8.24241898926849
"Nevada County","06057","Rural","22.8","19.8","26.2","45","23","55","46","67.2","NEU",1966,168.568298339844,22.8,22.8,NA,NA,5.13325578572004
"Nevada County","06057","Rural","22.8","19.8","26.2","45","23","55","46","67.2","NEU",1967,1063.42761230469,22.8,22.8,NA,NA,6.97019248042873
"Nevada County","06057","Rural","22.8","19.8","26.2","45","23","55","46","67.2","NEU",1969,464.405914306641,22.8,22.8,NA,NA,6.14290995879484
"Nevada County","06057","Rural","22.8","19.8","26.2","45","23","55","46","67.2","NEU",1970,1556.09353637695,22.8,22.8,NA,NA,7.35057624477393
"Nevada County","06057","Rural","22.8","19.8","26.2","45","23","55","46","67.2","NEU",1972,188.597579956055,22.8,22.8,NA,NA,5.2449038257946
"Nevada County","06057","Rural","22.8","19.8","26.2","45","23","55","46","67.2","NEU",1974,284.694488525391,22.8,22.8,NA,NA,5.65492301792496
"Nevada County","06057","Rural","22.8","19.8","26.2","45","23","55","46","67.2","NEU",1976,884.98046875,22.8,22.8,NA,NA,6.78669490606188
"Nevada County","06057","Rural","22.8","19.8","26.2","45","23","55","46","67.2","NEU",1978,584.638610839844,22.8,22.8,NA,NA,6.37270289428477
"Nevada County","06057","Rural","22.8","19.8","26.2","45","23","55","46","67.2","NEU",1979,3540.6773147583,22.8,22.8,NA,NA,8.17235571163998
"Nevada County","06057","Rural","22.8","19.8","26.2","45","23","55","46","67.2","NEU",1980,1466.26876831055,22.8,22.8,NA,NA,7.29115797084448
"Nevada County","06057","Rural","22.8","19.8","26.2","45","23","55","46","67.2","NEU",1981,1237.7262878418,22.8,22.8,NA,NA,7.12183894345638
"Nevada County","06057","Rural","22.8","19.8","26.2","45","23","55","46","67.2","NEU",1982,439.488616943359,22.8,22.8,NA,NA,6.08788460382409
"Nevada County","06057","Rural","22.8","19.8","26.2","45","23","55","46","67.2","NEU",1983,1638.34008789062,22.8,22.8,NA,NA,7.40204905440696
"Nevada County","06057","Rural","22.8","19.8","26.2","45","23","55","46","67.2","NEU",1984,876.612182617188,22.8,22.8,NA,NA,6.77720479060714
"Nevada County","06057","Rural","22.8","19.8","26.2","45","23","55","46","67.2","NEU",1985,2041.04339599609,22.8,22.8,NA,NA,7.62170625021089
"Nevada County","06057","Rural","22.8","19.8","26.2","45","23","55","46","67.2","NEU",1986,397.724670410156,22.8,22.8,NA,NA,5.98827112959905
"Nevada County","06057","Rural","22.8","19.8","26.2","45","23","55","46","67.2","NEU",1987,183.452606201172,22.8,22.8,NA,NA,5.21739255352363
"Nevada County","06057","Rural","22.8","19.8","26.2","45","23","55","46","67.2","NEU",1988,36555.2159118652,22.8,22.8,NA,NA,10.5066065167064
"Nevada County","06057","Rural","22.8","19.8","26.2","45","23","55","46","67.2","NEU",1994,837.441101074219,22.8,22.8,NA,NA,6.73154433559302
"Nevada County","06057","Rural","22.8","19.8","26.2","45","23","55","46","67.2","NEU",1996,40.709415435791,22.8,22.8,NA,NA,3.73072689314519
"Nevada County","06057","Rural","22.8","19.8","26.2","45","23","55","46","67.2","NEU",1997,5837.90087890625,22.8,22.8,NA,NA,8.67229785244263
"Nevada County","06057","Rural","22.8","19.8","26.2","45","23","55","46","67.2","NEU",1998,1620.13888549805,22.8,22.8,NA,NA,7.39088419696616
"Nevada County","06057","Rural","22.8","19.8","26.2","45","23","55","46","67.2","NEU",1999,283.322906494141,22.8,22.8,NA,NA,5.65011058696995
"Nevada County","06057","Rural","22.8","19.8","26.2","45","23","55","46","67.2","NEU",2000,497.332397460938,22.8,22.8,NA,NA,6.21126731915011
"Nevada County","06057","Rural","22.8","19.8","26.2","45","23","55","46","67.2","NEU",2001,18988.9733428955,22.8,22.8,NA,NA,9.85166640006103
"Nevada County","06057","Rural","22.8","19.8","26.2","45","23","55","46","67.2","NEU",2002,2449.66273498535,22.8,22.8,NA,NA,7.8041137710348
"Nevada County","06057","Rural","22.8","19.8","26.2","45","23","55","46","67.2","NEU",2003,278.411581993103,22.8,22.8,NA,NA,5.63268589905284
"Nevada County","06057","Rural","22.8","19.8","26.2","45","23","55","46","67.2","NEU",2004,1609.29309844971,22.8,22.8,NA,NA,7.38417149013618
"Nevada County","06057","Rural","22.8","19.8","26.2","45","23","55","46","67.2","NEU",2005,138.896269321442,22.8,22.8,NA,NA,4.9409012145642
"Nevada County","06057","Rural","22.8","19.8","26.2","45","23","55","46","67.2","NEU",2006,478.146147251129,22.8,22.8,NA,NA,6.17200565995838
"Nevada County","06057","Rural","22.8","19.8","26.2","45","23","55","46","67.2","NEU",2007,2540.35382843018,22.8,22.8,NA,NA,7.84045222133573
"Nevada County","06057","Rural","22.8","19.8","26.2","45","23","55","46","67.2","NEU",2008,3740.91871547699,22.8,22.8,NA,NA,8.22735378438458
"Nevada County","06057","Rural","22.8","19.8","26.2","45","23","55","46","67.2","NEU",2009,5807.7543926239,22.8,22.8,NA,NA,8.66712143660702
"Nevada County","06057","Rural","22.8","19.8","26.2","45","23","55","46","67.2","NEU",2010,2787.99633979797,22.8,22.8,5.01555555555556,-1.24740354101267,7.93343707525588
"Nevada County","06057","Rural","22.8","19.8","26.2","45","23","55","46","67.2","NEU",2011,1279.94019317627,22.8,22.8,4.67647058823529,-1.36473171449764,7.15534961320049
"Nevada County","06057","Rural","22.8","19.8","26.2","45","23","55","46","67.2","NEU",2012,3713.86679840088,22.8,22.8,4.63418803418803,-1.37936207359568,8.22009810143526
"Nevada County","06057","Rural","22.8","19.8","26.2","45","23","55","46","67.2","NEU",2013,969.934209704399,22.8,22.8,6.89263157894737,-0.597908805054729,6.87825871079954
"Nevada County","06057","Rural","22.8","19.8","26.2","45","23","55","46","67.2","NEU",2014,928.001508235931,22.8,22.8,5.38555555555556,-1.11937833089348,6.83411036231729
"Nevada County","06057","Rural","22.8","19.8","26.2","45","23","55","46","67.2","NEU",2015,2731.99742126465,22.8,22.8,4.94105263157895,-1.27318260181429,7.91315424237279
"Nevada County","06057","Rural","22.8","19.8","26.2","45","23","55","46","67.2","NEU",2016,1230.48164749146,22.8,22.8,5.71271676300578,-1.00617594622682,7.11597331488475
"Nevada County","06057","Rural","22.8","19.8","26.2","45","23","55","46","67.2","NEU",2017,18634.1274013519,22.8,22.8,5.33640807407407,-1.13638405155157,9.83280364856034
"Nevada County","06057","Rural","22.8","19.8","26.2","45","23","55","46","67.2","NEU",2018,2261.36171102524,22.8,22.8,6.23904235779816,-0.824059879025722,7.72416455150725
"Nevada County","06057","Rural","22.8","19.8","26.2","45","23","55","46","67.2","NEU",2019,1089.23649150133,22.8,22.8,6.02370411148649,-0.89856994451424,6.99414991636988
"Nevada County","06057","Rural","22.8","19.8","26.2","45","23","55","46","67.2","NEU",2020,3421.83182621002,22.8,22.8,12.269042508344,1.26240508392674,8.13822350679739
"Nevada County","06057","Rural","22.8","19.8","26.2","45","23","55","46","67.2","NEU",2021,4688.53641319275,22.8,22.8,NA,NA,8.45308901075364
"Nevada County","06057","Rural","22.8","19.8","26.2","45","23","55","46","67.2","NEU",2022,1826.9718079567,22.8,22.8,NA,NA,7.51096232955201
"Nevada County","06057","Rural","22.8","19.8","26.2","45","23","55","46","67.2","NEU",2023,283.579155921936,22.8,22.8,NA,NA,5.65101144306471
"Nevada County","06057","Rural","22.8","19.8","26.2","45","23","55","46","67.2","NEU",2024,881.154584765434,22.8,22.8,NA,NA,6.78236730682343
"Santa Clara County","06085","Urban","22.4","21.5","23.3","46","39","52","475","69.0","SCU",1950,1810.09878540039,22.4,22.4,NA,NA,7.50168900382833
"Santa Clara County","06085","Urban","22.4","21.5","23.3","46","39","52","475","69.0","SCU",1951,8237.14849853516,22.4,22.4,NA,NA,9.0165309008757
"Santa Clara County","06085","Urban","22.4","21.5","23.3","46","39","52","475","69.0","SCU",1952,15463.5968933105,22.4,22.4,NA,NA,9.64630861903814
"Santa Clara County","06085","Urban","22.4","21.5","23.3","46","39","52","475","69.0","SCU",1953,2361.15216064453,22.4,22.4,NA,NA,7.76732841493835
"Santa Clara County","06085","Urban","22.4","21.5","23.3","46","39","52","475","69.0","SCU",1954,1533.560546875,22.4,22.4,NA,NA,7.33599933035209
"Santa Clara County","06085","Urban","22.4","21.5","23.3","46","39","52","475","69.0","SCU",1955,7105.82112121582,22.4,22.4,NA,NA,8.86881032313007
"Santa Clara County","06085","Urban","22.4","21.5","23.3","46","39","52","475","69.0","SCU",1958,7774.31420898438,22.4,22.4,NA,NA,8.95870914896197
"Santa Clara County","06085","Urban","22.4","21.5","23.3","46","39","52","475","69.0","SCU",1959,1295.96166992188,22.4,22.4,NA,NA,7.16777963100533
"Santa Clara County","06085","Urban","22.4","21.5","23.3","46","39","52","475","69.0","SCU",1960,1040.06198120117,22.4,22.4,NA,NA,6.94799660690129
"Santa Clara County","06085","Urban","22.4","21.5","23.3","46","39","52","475","69.0","SCU",1961,45327.0107421875,22.4,22.4,NA,NA,10.7216804590582
"Santa Clara County","06085","Urban","22.4","21.5","23.3","46","39","52","475","69.0","SCU",1962,165.255661010742,22.4,22.4,NA,NA,5.11352673014867
"Santa Clara County","06085","Urban","22.4","21.5","23.3","46","39","52","475","69.0","SCU",1964,482.761199951172,22.4,22.4,NA,NA,6.18159139642982
"Santa Clara County","06085","Urban","22.4","21.5","23.3","46","39","52","475","69.0","SCU",1965,520.996948242188,22.4,22.4,NA,NA,6.25766174158622
"Santa Clara County","06085","Urban","22.4","21.5","23.3","46","39","52","475","69.0","SCU",1966,4035.33001708984,22.4,22.4,NA,NA,8.3030911464879
"Santa Clara County","06085","Urban","22.4","21.5","23.3","46","39","52","475","69.0","SCU",1967,3311.29872131348,22.4,22.4,NA,NA,8.10539770507125
"Santa Clara County","06085","Urban","22.4","21.5","23.3","46","39","52","475","69.0","SCU",1968,1791.01016235352,22.4,22.4,NA,NA,7.491093264475
"Santa Clara County","06085","Urban","22.4","21.5","23.3","46","39","52","475","69.0","SCU",1969,464.775939941406,22.4,22.4,NA,NA,6.14370470292039
"Santa Clara County","06085","Urban","22.4","21.5","23.3","46","39","52","475","69.0","SCU",1970,10901.6201477051,22.4,22.4,NA,NA,9.29675841985387
"Santa Clara County","06085","Urban","22.4","21.5","23.3","46","39","52","475","69.0","SCU",1971,910.274436950684,22.4,22.4,NA,NA,6.81484409991878
"Santa Clara County","06085","Urban","22.4","21.5","23.3","46","39","52","475","69.0","SCU",1973,93.6527786254883,22.4,22.4,NA,NA,4.55021523407058
"Santa Clara County","06085","Urban","22.4","21.5","23.3","46","39","52","475","69.0","SCU",1974,1280.06854248047,22.4,22.4,NA,NA,7.1554498074758
"Santa Clara County","06085","Urban","22.4","21.5","23.3","46","39","52","475","69.0","SCU",1975,1952.15539550781,22.4,22.4,NA,NA,7.57720149530367
"Santa Clara County","06085","Urban","22.4","21.5","23.3","46","39","52","475","69.0","SCU",1977,4859.0126953125,22.4,22.4,NA,NA,8.48879632909535
"Santa Clara County","06085","Urban","22.4","21.5","23.3","46","39","52","475","69.0","SCU",1979,2633.28102111816,22.4,22.4,NA,NA,7.87636556648249
"Santa Clara County","06085","Urban","22.4","21.5","23.3","46","39","52","475","69.0","SCU",1980,4181.50485229492,22.4,22.4,NA,NA,8.33866559300255
"Santa Clara County","06085","Urban","22.4","21.5","23.3","46","39","52","475","69.0","SCU",1981,4534.21783447266,22.4,22.4,NA,NA,8.41962839545797
"Santa Clara County","06085","Urban","22.4","21.5","23.3","46","39","52","475","69.0","SCU",1982,1815.65176391602,22.4,22.4,NA,NA,7.50475039560655
"Santa Clara County","06085","Urban","22.4","21.5","23.3","46","39","52","475","69.0","SCU",1983,5902.57946777344,22.4,22.4,NA,NA,8.68331413538529
"Santa Clara County","06085","Urban","22.4","21.5","23.3","46","39","52","475","69.0","SCU",1984,9065.20109558105,22.4,22.4,NA,NA,9.11230861254545
"Santa Clara County","06085","Urban","22.4","21.5","23.3","46","39","52","475","69.0","SCU",1985,16293.5578689575,22.4,22.4,NA,NA,9.69858645797674
"Santa Clara County","06085","Urban","22.4","21.5","23.3","46","39","52","475","69.0","SCU",1986,322.380676269531,22.4,22.4,NA,NA,5.7788301935629
"Santa Clara County","06085","Urban","22.4","21.5","23.3","46","39","52","475","69.0","SCU",1987,2362.6145324707,22.4,22.4,NA,NA,7.7679473079002
"Santa Clara County","06085","Urban","22.4","21.5","23.3","46","39","52","475","69.0","SCU",1988,1590.29040527344,22.4,22.4,NA,NA,7.37230054170851
"Santa Clara County","06085","Urban","22.4","21.5","23.3","46","39","52","475","69.0","SCU",1989,1499.84172058105,22.4,22.4,NA,NA,7.3137813767602
"Santa Clara County","06085","Urban","22.4","21.5","23.3","46","39","52","475","69.0","SCU",1990,1768.38854980469,22.4,22.4,NA,NA,7.47838931379781
"Santa Clara County","06085","Urban","22.4","21.5","23.3","46","39","52","475","69.0","SCU",1991,1622.75537109375,22.4,22.4,NA,NA,7.39249687581229
"Santa Clara County","06085","Urban","22.4","21.5","23.3","46","39","52","475","69.0","SCU",1992,1372.48413085938,22.4,22.4,NA,NA,7.22510595167126
"Santa Clara County","06085","Urban","22.4","21.5","23.3","46","39","52","475","69.0","SCU",1994,1603.07275390625,22.4,22.4,NA,NA,7.38030114519474
"Santa Clara County","06085","Urban","22.4","21.5","23.3","46","39","52","475","69.0","SCU",1995,3265.35005187988,22.4,22.4,NA,NA,8.09142844839931
"Santa Clara County","06085","Urban","22.4","21.5","23.3","46","39","52","475","69.0","SCU",1996,2276.52893066406,22.4,22.4,NA,NA,7.73084633186971
"Santa Clara County","06085","Urban","22.4","21.5","23.3","46","39","52","475","69.0","SCU",1997,1383.83912658691,22.4,22.4,NA,NA,7.23333925778616
"Santa Clara County","06085","Urban","22.4","21.5","23.3","46","39","52","475","69.0","SCU",1998,3374.30350112915,22.4,22.4,NA,NA,8.124240525524
"Santa Clara County","06085","Urban","22.4","21.5","23.3","46","39","52","475","69.0","SCU",1999,3245.87302398682,22.4,22.4,NA,NA,8.08544766569817
"Santa Clara County","06085","Urban","22.4","21.5","23.3","46","39","52","475","69.0","SCU",2000,991.864631652832,22.4,22.4,NA,NA,6.900594332147
"Santa Clara County","06085","Urban","22.4","21.5","23.3","46","39","52","475","69.0","SCU",2001,608.467796325684,22.4,22.4,NA,NA,6.41258611130835
"Santa Clara County","06085","Urban","22.4","21.5","23.3","46","39","52","475","69.0","SCU",2002,5288.47618103027,22.4,22.4,NA,NA,8.57347449935029
"Santa Clara County","06085","Urban","22.4","21.5","23.3","46","39","52","475","69.0","SCU",2003,45455.1771469116,22.4,22.4,NA,NA,10.7245040011937
"Santa Clara County","06085","Urban","22.4","21.5","23.3","46","39","52","475","69.0","SCU",2004,3416.17842102051,22.4,22.4,NA,NA,8.13657046644438
"Santa Clara County","06085","Urban","22.4","21.5","23.3","46","39","52","475","69.0","SCU",2005,8792.88778945804,22.4,22.4,NA,NA,9.08181218976147
"Santa Clara County","06085","Urban","22.4","21.5","23.3","46","39","52","475","69.0","SCU",2006,43256.0800170898,22.4,22.4,NA,NA,10.6749161987798
"Santa Clara County","06085","Urban","22.4","21.5","23.3","46","39","52","475","69.0","SCU",2007,47914.4284057617,22.4,22.4,NA,NA,10.7771928276909
"Santa Clara County","06085","Urban","22.4","21.5","23.3","46","39","52","475","69.0","SCU",2008,5588.98011398315,22.4,22.4,NA,NA,8.62873100871583
"Santa Clara County","06085","Urban","22.4","21.5","23.3","46","39","52","475","69.0","SCU",2009,16684.5074462891,22.4,22.4,NA,NA,9.72229580404569
"Santa Clara County","06085","Urban","22.4","21.5","23.3","46","39","52","475","69.0","SCU",2010,1758.87586975098,22.4,22.4,8.53585354175824,-0.0293308670511141,7.47299855699436
"Santa Clara County","06085","Urban","22.4","21.5","23.3","46","39","52","475","69.0","SCU",2011,1642.27891254425,22.4,22.4,8.79020793796004,0.058679335701525,7.40444886172144
"Santa Clara County","06085","Urban","22.4","21.5","23.3","46","39","52","475","69.0","SCU",2013,3585.77038574219,22.4,22.4,10.5957634230769,0.683426958306803,8.18500746258741
"Santa Clara County","06085","Urban","22.4","21.5","23.3","46","39","52","475","69.0","SCU",2015,2989.92529296875,22.4,22.4,8.60046528,-0.00697429579552619,8.00333808104243
"Santa Clara County","06085","Urban","22.4","21.5","23.3","46","39","52","475","69.0","SCU",2016,4783.85105895996,22.4,22.4,7.73661390111359,-0.305879037129821,8.47321017674848
"Santa Clara County","06085","Urban","22.4","21.5","23.3","46","39","52","475","69.0","SCU",2017,471.155700683594,22.4,22.4,8.83062033952015,0.0726625957046422,6.15730880551863
"Santa Clara County","06085","Urban","22.4","21.5","23.3","46","39","52","475","69.0","SCU",2018,1391.14639282227,22.4,22.4,10.8922471888791,0.786014516181807,7.23860200262205
"Santa Clara County","06085","Urban","22.4","21.5","23.3","46","39","52","475","69.0","SCU",2019,3929.03967285156,22.4,22.4,7.47893006961471,-0.395041271378368,8.27640479968552
"Santa Clara County","06085","Urban","22.4","21.5","23.3","46","39","52","475","69.0","SCU",2020,402680.181488037,22.4,22.4,11.3225868453159,0.934918097095175,12.9059004149009
"Santa Clara County","06085","Urban","22.4","21.5","23.3","46","39","52","475","69.0","SCU",2021,309.888877868652,22.4,22.4,NA,NA,5.7394355424417
"Santa Clara County","06085","Urban","22.4","21.5","23.3","46","39","52","475","69.0","SCU",2022,1561.57886886597,22.4,22.4,NA,NA,7.3540928564109
"Santa Clara County","06085","Urban","22.4","21.5","23.3","46","39","52","475","69.0","SCU",2024,16345.6389501393,22.4,22.4,NA,NA,9.70177758639442
"Imperial County","06025","Urban","22.3","19.3","25.7","47","24","55","40","75.2",NA,NA,NA,22.3,22.3,NA,NA,NA
"Ventura County","06111","Urban","22.2","20.9","23.5","48","38","53","232","63.1",NA,NA,NA,22.2,22.2,NA,NA,NA
"Los Angeles County","06037","Urban","22.1","21.7","22.5","49","42","52","2427","68.0",NA,NA,NA,22.1,22.1,NA,NA,NA
"San Mateo County","06081","Urban","21.7","20.4","23.1","50","40","54","209","65.1",NA,NA,NA,21.7,21.7,NA,NA,NA
"Tulare County","06107","Urban","21","19.1","23.1","51","38","55","91","68.5",NA,NA,NA,21,21,NA,NA,NA
"Monterey County","06053","Urban","20.7","18.9","22.7","52","39","55","99","74.1",NA,NA,NA,20.7,20.7,NA,NA,NA
"Marin County","06041","Urban","20.5","18.6","22.6","53","41","55","90","64.7",NA,NA,NA,20.5,20.5,NA,NA,NA
"San Benito County","06069","Urban","18.1","13.7","23.5","54","30","55","12","70.6",NA,NA,NA,18.1,18.1,NA,NA,NA
"Inyo County","06027","Rural","16.6","10.9","25.1","55","25","55","6","60.9",NA,NA,NA,16.6,16.6,NA,NA,NA
"Alpine County","06003","Rural","*","*","*","*","*","*","3 or fewer","*",NA,NA,NA,NA,NA,NA,NA,NA
"Mono County","06051","Rural","*","*","*","*","*","*","3 or fewer","*",NA,NA,NA,NA,NA,NA,NA,NA
"Sierra County","06091","Rural","*","*","*","*","*","*","3 or fewer","*",NA,NA,NA,NA,NA,NA,NA,NA
